-- phpMyAdmin SQL Dump
-- version 4.9.2
-- https://www.phpmyadmin.net/
--
-- Máy chủ: 127.0.0.1
-- Thời gian đã tạo: Th8 12, 2021 lúc 11:16 AM
-- Phiên bản máy phục vụ: 10.4.11-MariaDB
-- Phiên bản PHP: 7.2.26

SET SQL_MODE = "NO_AUTO_VALUE_ON_ZERO";
SET AUTOCOMMIT = 0;
START TRANSACTION;
SET time_zone = "+00:00";


/*!40101 SET @OLD_CHARACTER_SET_CLIENT=@@CHARACTER_SET_CLIENT */;
/*!40101 SET @OLD_CHARACTER_SET_RESULTS=@@CHARACTER_SET_RESULTS */;
/*!40101 SET @OLD_COLLATION_CONNECTION=@@COLLATION_CONNECTION */;
/*!40101 SET NAMES utf8mb4 */;

--
-- Cơ sở dữ liệu: `quanlysanbong`
--

-- --------------------------------------------------------

--
-- Cấu trúc bảng cho bảng `dat_san`
--

CREATE TABLE `dat_san` (
  `id` int(11) NOT NULL,
  `ma_kh` int(11) NOT NULL,
  `ma_san` int(11) NOT NULL,
  `bat_dau` datetime NOT NULL,
  `ket_thuc` datetime NOT NULL,
  `da_thanh_toan` tinyint(1) NOT NULL,
  `don_gia` int(11) NOT NULL,
  `note` varchar(500) CHARACTER SET utf8 NOT NULL
) ENGINE=InnoDB DEFAULT CHARSET=utf8mb4 COLLATE=utf8mb4_vietnamese_ci;

--
-- Đang đổ dữ liệu cho bảng `dat_san`
--

INSERT INTO `dat_san` (`id`, `ma_kh`, `ma_san`, `bat_dau`, `ket_thuc`, `da_thanh_toan`, `don_gia`, `note`) VALUES
(149, 26, 22, '2019-05-13 05:00:00', '2019-05-13 05:15:00', 0, 3000, ''),
(152, 26, 20, '2021-03-22 10:30:00', '2021-03-22 15:45:00', 0, 3000, ''),
(163, 37, 20, '0000-00-00 00:00:00', '0000-00-00 00:00:00', 0, 3000, ''),
(164, 37, 20, '0000-00-00 00:00:00', '0000-00-00 00:00:00', 0, 3000, ''),
(165, 37, 20, '0000-00-00 00:00:00', '0000-00-00 00:00:00', 0, 3000, ''),
(166, 37, 20, '0000-00-00 00:00:00', '0000-00-00 00:00:00', 0, 3000, ''),
(167, 37, 20, '2021-05-11 05:00:00', '2021-05-11 05:15:00', 0, 3000, ''),
(172, 37, 24, '0000-00-00 00:00:00', '0000-00-00 00:00:00', 0, 3000, ''),
(173, 37, 20, '2021-05-12 05:00:00', '2021-05-12 05:45:00', 1, 3000, ''),
(174, 37, 20, '2021-05-12 07:00:00', '2021-05-12 09:00:00', 1, 3000, ''),
(175, 37, 20, '2021-05-12 12:00:00', '2021-05-12 16:00:00', 1, 3000, ''),
(176, 37, 20, '2021-05-12 16:30:00', '2021-05-12 17:30:00', 0, 3000, ''),
(177, 37, 20, '2021-05-12 19:30:00', '2021-05-12 20:45:00', 1, 3000, ''),
(181, 37, 20, '2021-05-13 06:00:00', '2021-05-13 07:15:00', 1, 3000, ''),
(182, 37, 20, '2021-05-17 06:00:00', '2021-05-17 07:15:00', 1, 3000, ''),
(183, 37, 21, '2021-05-17 06:00:00', '2021-05-17 08:15:00', 1, 3000, ''),
(184, 37, 20, '2021-05-17 12:00:00', '2021-05-17 14:15:00', 1, 3000, ''),
(185, 37, 23, '2021-05-17 10:00:00', '2021-05-17 12:15:00', 1, 3000, ''),
(186, 37, 24, '2021-05-17 15:00:00', '2021-05-17 19:30:00', 1, 3000, ''),
(187, 37, 27, '2021-05-17 10:00:00', '2021-05-17 12:15:00', 1, 3000, ''),
(188, 37, 29, '2021-05-17 05:00:00', '2021-05-17 08:00:00', 0, 3000, ''),
(189, 37, 21, '2021-05-13 06:00:00', '2021-05-13 10:15:00', 1, 3000, ''),
(190, 37, 24, '2021-05-13 12:00:00', '2021-05-13 14:15:00', 1, 3000, ''),
(191, 37, 23, '2021-05-13 05:00:00', '2021-05-13 09:00:00', 1, 3000, ''),
(192, 37, 27, '2021-05-13 17:00:00', '2021-05-13 19:30:00', 1, 3000, ''),
(193, 37, 29, '2021-05-13 16:00:00', '2021-05-13 20:15:00', 1, 3000, ''),
(194, 37, 28, '2021-05-13 09:00:00', '2021-05-13 12:45:00', 1, 3000, ''),
(195, 37, 20, '2021-05-13 09:00:00', '2021-05-13 12:45:00', 0, 3000, ''),
(196, 37, 22, '0000-00-00 00:00:00', '0000-00-00 00:00:00', 0, 3000, ''),
(197, 37, 22, '2021-05-13 16:00:00', '2021-05-13 20:15:00', 0, 3000, ''),
(198, 37, 20, '2021-05-14 05:00:00', '2021-05-14 08:00:00', 1, 3000, ''),
(199, 37, 20, '2021-05-14 16:00:00', '2021-05-14 18:45:00', 1, 3000, ''),
(201, 37, 22, '2021-05-14 18:00:00', '2021-05-14 20:45:00', 1, 3000, ''),
(202, 37, 21, '2021-05-14 05:00:00', '2021-05-14 08:45:00', 1, 3000, ''),
(203, 37, 23, '2021-05-14 05:00:00', '2021-05-14 06:30:00', 1, 3000, ''),
(205, 37, 21, '2021-05-14 18:00:00', '2021-05-14 20:45:00', 1, 3000, ''),
(208, 37, 27, '2021-05-14 16:00:00', '2021-05-14 19:00:00', 1, 3000, ''),
(210, 37, 26, '2021-05-14 17:45:00', '2021-05-14 19:30:00', 1, 3000, ''),
(212, 37, 28, '2021-05-14 13:45:00', '2021-05-14 16:00:00', 1, 3000, ''),
(213, 37, 28, '2021-05-14 18:45:00', '2021-05-14 20:45:00', 0, 3000, ''),
(214, 37, 29, '2021-05-14 16:45:00', '2021-05-14 20:00:00', 1, 3000, ''),
(215, 37, 29, '2021-05-14 05:45:00', '2021-05-14 08:00:00', 0, 3000, ''),
(216, 37, 20, '2021-05-19 05:00:00', '2021-05-19 05:15:00', 0, 3000, ''),
(217, 37, 20, '2021-05-21 05:00:00', '2021-05-21 08:15:00', 0, 3000, ''),
(218, 37, 21, '2021-05-21 12:00:00', '2021-05-21 15:15:00', 1, 3000, ''),
(220, 37, 21, '2021-05-22 07:00:00', '2021-05-22 12:15:00', 1, 3000, ''),
(221, 37, 20, '2021-05-23 07:00:00', '2021-05-23 12:15:00', 1, 3000, ''),
(222, 37, 20, '2021-05-21 12:00:00', '2021-05-21 15:15:00', 1, 3000, ''),
(223, 37, 20, '2021-05-21 16:00:00', '2021-05-21 19:15:00', 1, 3000, ''),
(225, 37, 21, '2021-05-21 18:00:00', '2021-05-21 20:15:00', 1, 3000, ''),
(226, 37, 21, '2021-05-21 05:00:00', '2021-05-21 08:15:00', 1, 3000, ''),
(227, 37, 22, '2021-05-21 05:00:00', '2021-05-21 07:15:00', 1, 3000, ''),
(228, 37, 22, '2021-05-21 09:00:00', '2021-05-21 12:00:00', 1, 3000, ''),
(229, 37, 22, '2021-05-21 13:00:00', '2021-05-21 16:15:00', 0, 3000, ''),
(230, 37, 22, '2021-05-21 18:00:00', '2021-05-21 20:45:00', 1, 3000, ''),
(231, 37, 23, '2021-05-21 16:00:00', '2021-05-21 18:15:00', 0, 3000, ''),
(232, 37, 23, '2021-05-21 18:45:00', '2021-05-21 20:45:00', 1, 3000, ''),
(234, 37, 23, '2021-05-21 05:00:00', '2021-05-21 08:15:00', 1, 3000, ''),
(235, 37, 24, '2021-05-21 05:00:00', '2021-05-21 07:30:00', 1, 3000, ''),
(236, 37, 24, '2021-05-21 10:00:00', '2021-05-21 12:15:00', 1, 3000, ''),
(239, 37, 24, '2021-05-21 17:00:00', '2021-05-21 19:45:00', 1, 3000, ''),
(240, 37, 26, '2021-05-21 06:00:00', '2021-05-21 08:00:00', 1, 3000, ''),
(241, 37, 26, '2021-05-21 17:00:00', '2021-05-21 19:45:00', 1, 3000, ''),
(242, 37, 27, '2021-05-21 18:00:00', '2021-05-21 20:45:00', 1, 3000, ''),
(243, 37, 27, '2021-05-21 07:00:00', '2021-05-21 09:00:00', 0, 3000, ''),
(244, 26, 28, '2021-05-21 07:00:00', '2021-05-21 14:15:00', 1, 3000, ''),
(245, 37, 28, '0000-00-00 00:00:00', '0000-00-00 00:00:00', 0, 3000, ''),
(246, 37, 28, '2021-05-21 18:00:00', '2021-05-21 20:45:00', 1, 3000, ''),
(248, 37, 20, '2021-05-22 14:00:00', '2021-05-22 16:00:00', 0, 3000, ''),
(249, 37, 21, '2021-05-22 18:00:00', '2021-05-22 20:45:00', 1, 3000, ''),
(250, 37, 20, '2021-05-22 18:00:00', '2021-05-22 20:45:00', 1, 3000, ''),
(251, 37, 22, '2021-05-22 18:00:00', '2021-05-22 20:45:00', 1, 3000, ''),
(252, 37, 23, '2021-05-22 18:00:00', '2021-05-22 20:45:00', 1, 3000, ''),
(253, 37, 24, '2021-05-22 18:00:00', '2021-05-22 20:45:00', 0, 3000, ''),
(254, 37, 29, '2021-05-22 18:00:00', '2021-05-22 20:45:00', 1, 3000, ''),
(255, 37, 20, '2021-05-22 05:00:00', '2021-05-22 08:00:00', 1, 3000, ''),
(256, 37, 20, '2021-05-23 18:00:00', '2021-05-23 20:45:00', 1, 3000, ''),
(257, 37, 21, '2021-05-23 18:00:00', '2021-05-23 20:45:00', 1, 3000, ''),
(258, 37, 22, '2021-05-23 18:00:00', '2021-05-23 20:45:00', 1, 3000, ''),
(259, 37, 23, '2021-05-23 18:00:00', '2021-05-23 20:45:00', 1, 3000, ''),
(260, 37, 24, '2021-05-23 18:00:00', '2021-05-23 20:45:00', 1, 3000, ''),
(261, 37, 26, '2021-05-23 18:00:00', '2021-05-23 20:45:00', 1, 3000, ''),
(262, 37, 27, '2021-05-23 18:00:00', '2021-05-23 20:45:00', 1, 3000, ''),
(263, 37, 28, '2021-05-23 18:00:00', '2021-05-23 20:45:00', 1, 3000, ''),
(264, 37, 21, '2021-05-23 09:00:00', '2021-05-23 12:15:00', 1, 3000, ''),
(265, 37, 20, '2021-05-23 16:00:00', '2021-05-23 17:45:00', 0, 3000, ''),
(266, 37, 22, '2021-05-23 14:00:00', '2021-05-23 17:00:00', 0, 3000, ''),
(267, 37, 24, '2021-05-23 06:00:00', '2021-05-23 08:00:00', 1, 3000, ''),
(268, 37, 26, '2021-05-23 14:00:00', '2021-05-23 17:00:00', 1, 3000, ''),
(269, 37, 24, '2021-05-23 12:00:00', '2021-05-23 14:00:00', 0, 3000, ''),
(270, 37, 29, '2021-05-23 05:00:00', '2021-05-23 07:30:00', 1, 3000, ''),
(271, 37, 20, '2021-05-24 05:00:00', '2021-05-24 05:15:00', 1, 3000, ''),
(272, 37, 20, '2021-05-25 06:00:00', '2021-05-25 10:00:00', 0, 3000, ''),
(273, 37, 20, '2021-05-25 18:00:00', '2021-05-25 20:00:00', 0, 3000, ''),
(274, 37, 20, '2021-05-25 12:00:00', '2021-05-25 14:30:00', 1, 3000, ''),
(275, 26, 21, '2021-05-25 05:00:00', '2021-05-25 07:00:00', 1, 3000, ''),
(276, 34, 22, '2021-05-25 10:00:00', '2021-05-25 12:00:00', 0, 3000, ''),
(277, 37, 20, '0000-00-00 00:00:00', '0000-00-00 00:00:00', 0, 3000, ''),
(278, 37, 20, '0000-00-00 00:00:00', '0000-00-00 00:00:00', 0, 3000, ''),
(279, 37, 20, '0000-00-00 00:00:00', '0000-00-00 00:00:00', 0, 3000, ''),
(280, 37, 20, '2021-05-28 13:00:00', '2021-05-28 15:15:00', 1, 3000, ''),
(281, 37, 21, '0000-00-00 00:00:00', '0000-00-00 00:00:00', 0, 3000, ''),
(282, 37, 21, '0000-00-00 00:00:00', '0000-00-00 00:00:00', 0, 3000, ''),
(283, 37, 21, '0000-00-00 00:00:00', '0000-00-00 00:00:00', 0, 3000, ''),
(284, 37, 20, '0000-00-00 00:00:00', '0000-00-00 00:00:00', 0, 3000, ''),
(285, 37, 21, '2021-05-28 05:00:00', '2021-05-28 05:15:00', 1, 3000, ''),
(286, 37, 21, '2021-05-28 08:00:00', '2021-05-28 12:15:00', 1, 3000, ''),
(287, 37, 20, '2021-05-29 05:00:00', '2021-05-29 08:00:00', 1, 3000, ''),
(288, 37, 20, '2021-05-29 09:00:00', '2021-05-29 11:00:00', 1, 3000, ''),
(289, 37, 20, '2021-05-29 14:00:00', '2021-05-29 17:00:00', 1, 3000, ''),
(290, 37, 20, '2021-05-29 18:00:00', '2021-05-29 20:45:00', 1, 3000, ''),
(291, 37, 21, '2021-05-29 07:00:00', '2021-05-29 09:45:00', 1, 3000, ''),
(292, 37, 21, '2021-05-29 12:00:00', '2021-05-29 14:00:00', 1, 3000, ''),
(293, 37, 21, '2021-05-29 16:00:00', '2021-05-29 18:15:00', 1, 3000, ''),
(294, 37, 21, '2021-05-29 18:45:00', '2021-05-29 20:45:00', 1, 3000, ''),
(295, 37, 22, '2021-05-29 08:45:00', '2021-05-29 12:00:00', 1, 3000, ''),
(296, 37, 22, '2021-05-29 15:30:00', '2021-05-29 18:00:00', 1, 3000, ''),
(297, 26, 20, '2021-07-21 06:00:00', '2021-07-21 10:00:00', 1, 3000, ''),
(300, 37, 22, '2021-07-21 07:00:00', '2021-07-21 09:15:00', 1, 3000, ''),
(301, 37, 20, '2021-07-22 05:00:00', '2021-07-22 05:15:00', 0, 3000, ''),
(302, 37, 21, '2021-07-22 09:00:00', '2021-07-22 15:15:00', 0, 3000, ''),
(303, 35, 20, '2021-07-23 05:00:00', '2021-07-23 08:00:00', 1, 3000, ''),
(305, 37, 20, '2021-07-23 17:00:00', '2021-07-23 19:00:00', 1, 3000, ''),
(314, 26, 21, '2021-07-23 10:00:00', '2021-07-23 12:15:00', 0, 3000, ''),
(316, 37, 23, '2021-07-23 05:00:00', '2021-07-23 07:15:00', 1, 3000, ''),
(317, 37, 24, '2021-07-23 18:00:00', '2021-07-23 20:15:00', 1, 3000, ''),
(318, 37, 26, '2021-07-23 12:00:00', '2021-07-23 15:15:00', 0, 3000, ''),
(319, 37, 27, '2021-07-23 05:00:00', '2021-07-23 08:15:00', 1, 3000, ''),
(321, 37, 28, '2021-07-23 18:00:00', '2021-07-23 20:45:00', 0, 3000, ''),
(322, 37, 29, '2021-07-23 16:00:00', '2021-07-23 19:00:00', 1, 3000, ''),
(323, 36, 22, '2021-07-23 08:00:00', '2021-07-23 10:15:00', 0, 3000, ''),
(327, 37, 21, '2021-08-02 05:00:00', '2021-08-02 12:15:00', 1, 3000, ''),
(328, 37, 20, '2021-08-02 05:00:00', '2021-08-02 20:45:00', 1, 4000, ''),
(329, 37, 20, '0000-00-00 00:00:00', '0000-00-00 00:00:00', 0, 4000, ''),
(331, 37, 20, '2021-08-03 13:00:00', '2021-08-03 17:15:00', 1, 4000, ''),
(332, 37, 20, '2021-08-04 05:00:00', '2021-08-04 05:15:00', 1, 5000, ''),
(333, 37, 21, '2021-08-04 05:00:00', '2021-08-04 05:15:00', 1, 3000, ''),
(334, 37, 23, '0000-00-00 00:00:00', '0000-00-00 00:00:00', 0, 5000, ''),
(336, 37, 21, '2021-08-05 05:00:00', '2021-08-05 05:15:00', 1, 3000, ''),
(337, 37, 22, '2021-08-05 05:00:00', '2021-08-05 05:15:00', 1, 2000, ''),
(338, 37, 23, '2021-08-05 05:00:00', '2021-08-05 05:15:00', 1, 5000, ''),
(339, 37, 20, '2021-08-06 05:00:00', '2021-08-06 05:15:00', 1, 5000, ''),
(340, 37, 21, '2021-08-06 05:00:00', '2021-08-06 05:15:00', 1, 3000, ''),
(341, 37, 23, '2021-08-08 16:00:00', '2021-08-08 20:15:00', 1, 5000, ''),
(343, 37, 21, '2021-08-10 05:00:00', '2021-08-10 12:15:00', 1, 3000, ''),
(344, 37, 20, '2021-08-10 05:00:00', '2021-08-10 09:15:00', 0, 4000, 'đã hủy đặt sân'),
(372, 37, 21, '2021-08-11 15:00:00', '2021-08-11 19:15:00', 0, 3000, ''),
(373, 37, 22, '2021-08-11 11:00:00', '2021-08-11 13:15:00', 0, 2000, ''),
(374, 37, 24, '2021-08-11 12:00:00', '2021-08-11 16:15:00', 0, 3000, ''),
(382, 37, 28, '2021-08-11 05:00:00', '2021-08-11 05:15:00', 0, 2000, ''),
(383, 37, 20, '2021-08-11 05:00:00', '2021-08-11 05:15:00', 0, 4000, ''),
(384, 37, 23, '2021-08-11 05:00:00', '2021-08-11 05:15:00', 0, 5000, ''),
(385, 37, 21, '2021-08-11 05:00:00', '2021-08-11 05:15:00', 0, 3000, ''),
(386, 37, 24, '2021-08-11 05:00:00', '2021-08-11 05:15:00', 0, 3000, ''),
(387, 37, 27, '2021-08-11 05:00:00', '2021-08-11 05:15:00', 0, 5000, ''),
(388, 37, 26, '2021-08-11 05:00:00', '2021-08-11 05:15:00', 0, 3000, ''),
(389, 37, 20, '2021-08-12 05:00:00', '2021-08-12 05:15:00', 0, 4000, ''),
(390, 37, 21, '2021-08-12 05:00:00', '2021-08-12 05:15:00', 0, 3000, ''),
(391, 37, 22, '2021-08-12 05:00:00', '2021-08-12 05:15:00', 0, 2000, ''),
(392, 37, 23, '2021-08-12 05:00:00', '2021-08-12 05:15:00', 0, 5000, ''),
(393, 37, 24, '2021-08-12 05:00:00', '2021-08-12 05:15:00', 0, 3000, ''),
(394, 37, 26, '2021-08-12 05:00:00', '2021-08-12 05:15:00', 0, 3000, ''),
(395, 37, 27, '2021-08-12 05:00:00', '2021-08-12 05:15:00', 0, 5000, ''),
(396, 37, 28, '2021-08-12 05:00:00', '2021-08-12 05:15:00', 0, 2000, ''),
(397, 37, 29, '2021-08-12 05:00:00', '2021-08-12 05:15:00', 0, 4000, ''),
(398, 37, 29, '2021-08-12 07:00:00', '2021-08-12 09:15:00', 0, 4000, ''),
(399, 37, 28, '2021-08-12 08:00:00', '2021-08-12 13:15:00', 0, 2000, ''),
(400, 37, 20, '2021-08-12 11:00:00', '2021-08-12 16:15:00', 0, 4000, ''),
(401, 37, 21, '2021-08-12 08:00:00', '2021-08-12 10:15:00', 0, 3000, ''),
(402, 37, 23, '2021-08-12 13:00:00', '2021-08-12 18:15:00', 0, 5000, ''),
(403, 37, 26, '2021-08-12 14:00:00', '2021-08-12 18:15:00', 0, 3000, ''),
(404, 37, 27, '2021-08-12 14:00:00', '2021-08-12 18:15:00', 0, 5000, ''),
(427, 45, 21, '2021-08-12 13:00:00', '2021-08-12 16:15:00', 0, 3000, ''),
(428, 45, 22, '2021-08-12 19:00:00', '2021-08-12 20:15:00', 0, 2000, '');

-- --------------------------------------------------------

--
-- Cấu trúc bảng cho bảng `khach_hang`
--

CREATE TABLE `khach_hang` (
  `id` int(11) NOT NULL,
  `ten` varchar(40) COLLATE utf8mb4_vietnamese_ci NOT NULL,
  `sdt` varchar(11) COLLATE utf8mb4_vietnamese_ci NOT NULL
) ENGINE=InnoDB DEFAULT CHARSET=utf8mb4 COLLATE=utf8mb4_vietnamese_ci;

--
-- Đang đổ dữ liệu cho bảng `khach_hang`
--

INSERT INTO `khach_hang` (`id`, `ten`, `sdt`) VALUES
(26, 'Huỳnh Trịnh Thái Long', '0123456789'),
(34, 'Nguyen Duy Tuong', '0962563712'),
(35, 'Hieu Hieu', '0953341728'),
(36, 'Nguyen Gia Hai', '0973718312'),
(37, 'Bao Bao Chi', '0703934583'),
(38, 'Tran Bao Anh', '0908076877'),
(40, 'pham tien hau', '0900631999'),
(41, 'Tran My Nghi', '0909458624'),
(42, 'Nguyen Van An', '0708988888'),
(43, 'nguyen van A', '0909789238'),
(44, 'baochi', '0909789237'),
(45, 'bao chi', '0909789236');

-- --------------------------------------------------------

--
-- Cấu trúc bảng cho bảng `san_bong`
--

CREATE TABLE `san_bong` (
  `id` int(11) NOT NULL,
  `ten` varchar(40) COLLATE utf8mb4_vietnamese_ci NOT NULL,
  `gia` int(255) NOT NULL
) ENGINE=InnoDB DEFAULT CHARSET=utf8mb4 COLLATE=utf8mb4_vietnamese_ci;

--
-- Đang đổ dữ liệu cho bảng `san_bong`
--

INSERT INTO `san_bong` (`id`, `ten`, `gia`) VALUES
(20, 'San A', 4000),
(21, 'San B', 3000),
(22, 'San C', 2000),
(23, 'San D', 5000),
(24, 'San E', 3000),
(26, 'San F', 3000),
(27, 'San G', 5000),
(28, 'San H', 2000),
(29, 'San I', 4000);

-- --------------------------------------------------------

--
-- Cấu trúc bảng cho bảng `tai_khoan`
--

CREATE TABLE `tai_khoan` (
  `id` int(11) NOT NULL,
  `username` varchar(40) COLLATE utf8mb4_vietnamese_ci NOT NULL,
  `password` varchar(40) COLLATE utf8mb4_vietnamese_ci NOT NULL,
  `admin_number` int(1) NOT NULL,
  `email` varchar(255) COLLATE utf8mb4_vietnamese_ci NOT NULL,
  `sdt` varchar(11) COLLATE utf8mb4_vietnamese_ci NOT NULL
) ENGINE=InnoDB DEFAULT CHARSET=utf8mb4 COLLATE=utf8mb4_vietnamese_ci;

--
-- Đang đổ dữ liệu cho bảng `tai_khoan`
--

INSERT INTO `tai_khoan` (`id`, `username`, `password`, `admin_number`, `email`, `sdt`) VALUES
(1, 'baobaochi', '123456', 1, 'baobaochi631999@gmail.com', '0703934583'),
(3, 'thailong', '123456789', 0, 'thailong2015py@gmail.com', '0780548215'),
(4, 'baobao', '123456', 1, '', '0703934583'),
(500, 'baochi', '123456', 0, 'huybao631999@gmail.com', '0254875332');

--
-- Chỉ mục cho các bảng đã đổ
--

--
-- Chỉ mục cho bảng `dat_san`
--
ALTER TABLE `dat_san`
  ADD PRIMARY KEY (`id`),
  ADD KEY `dat_san_ibfk_1` (`ma_kh`),
  ADD KEY `dat_san_ibfk_2` (`ma_san`);

--
-- Chỉ mục cho bảng `khach_hang`
--
ALTER TABLE `khach_hang`
  ADD PRIMARY KEY (`id`);

--
-- Chỉ mục cho bảng `san_bong`
--
ALTER TABLE `san_bong`
  ADD PRIMARY KEY (`id`);

--
-- Chỉ mục cho bảng `tai_khoan`
--
ALTER TABLE `tai_khoan`
  ADD PRIMARY KEY (`id`);

--
-- AUTO_INCREMENT cho các bảng đã đổ
--

--
-- AUTO_INCREMENT cho bảng `dat_san`
--
ALTER TABLE `dat_san`
  MODIFY `id` int(11) NOT NULL AUTO_INCREMENT, AUTO_INCREMENT=429;

--
-- AUTO_INCREMENT cho bảng `khach_hang`
--
ALTER TABLE `khach_hang`
  MODIFY `id` int(11) NOT NULL AUTO_INCREMENT, AUTO_INCREMENT=46;

--
-- AUTO_INCREMENT cho bảng `san_bong`
--
ALTER TABLE `san_bong`
  MODIFY `id` int(11) NOT NULL AUTO_INCREMENT, AUTO_INCREMENT=30;

--
-- AUTO_INCREMENT cho bảng `tai_khoan`
--
ALTER TABLE `tai_khoan`
  MODIFY `id` int(11) NOT NULL AUTO_INCREMENT, AUTO_INCREMENT=501;

--
-- Các ràng buộc cho các bảng đã đổ
--

--
-- Các ràng buộc cho bảng `dat_san`
--
ALTER TABLE `dat_san`
  ADD CONSTRAINT `dat_san_ibfk_1` FOREIGN KEY (`ma_kh`) REFERENCES `khach_hang` (`id`),
  ADD CONSTRAINT `dat_san_ibfk_2` FOREIGN KEY (`ma_san`) REFERENCES `san_bong` (`id`);
COMMIT;

/*!40101 SET CHARACTER_SET_CLIENT=@OLD_CHARACTER_SET_CLIENT */;
/*!40101 SET CHARACTER_SET_RESULTS=@OLD_CHARACTER_SET_RESULTS */;
/*!40101 SET COLLATION_CONNECTION=@OLD_COLLATION_CONNECTION */;
